Partner,SKU
NuOrder_Direct,SKU00005
NuOrder_Direct,SKU00006
NuOrder_Direct,SKU00007
NuOrder_Direct,SKU00008
NuOrder_Direct,SKU00010
NuOrder_Direct,SKU00011
NuOrder_Direct,SKU00012
NuOrder_Direct,SKU00013
NuOrder_Direct,SKU00015
NuOrder_Direct,SKU00017
NuOrder_Direct,SKU00018
NuOrder_Direct,SKU00020
NuOrder_Direct,SKU00025
NuOrder_Direct,SKU00027
NuOrder_Direct,SKU00032
NuOrder_Direct,SKU00037
NuOrder_Direct,SKU00038
NuOrder_Direct,SKU00039
NuOrder_Direct,SKU00041
NuOrder_Direct,SKU00042
NuOrder_Direct,SKU00043
NuOrder_Direct,SKU00045
NuOrder_Direct,SKU00046
NuOrder_Direct,SKU00047
NuOrder_Direct,SKU00048
NuOrder_Direct,SKU00049
NuOrder_Direct,SKU00050
NuOrder_Direct,SKU00051
NuOrder_Direct,SKU00054
NuOrder_Direct,SKU00056
NuOrder_Direct,SKU00059
NuOrder_Direct,SKU00060
NuOrder_Direct,SKU00061
NuOrder_Direct,SKU00062
NuOrder_Direct,SKU00064
NuOrder_Direct,SKU00065
NuOrder_Direct,SKU00066
NuOrder_Direct,SKU00067
NuOrder_Direct,SKU00068
NuOrder_Direct,SKU00069
NuOrder_Direct,SKU00071
NuOrder_Direct,SKU00072
NuOrder_Direct,SKU00074
NuOrder_Direct,SKU00077
NuOrder_Direct,SKU00078
NuOrder_Direct,SKU00079
NuOrder_Direct,SKU00080
NuOrder_Direct,SKU00081
NuOrder_Direct,SKU00082
NuOrder_Direct,SKU00083
NuOrder_Direct,SKU00084
NuOrder_Direct,SKU00086
NuOrder_Direct,SKU00087
NuOrder_Direct,SKU00088
NuOrder_Direct,SKU00090
NuOrder_Direct,SKU00092
NuOrder_Direct,SKU00094
NuOrder_Direct,SKU00095
NuOrder_Direct,SKU00096
NuOrder_Direct,SKU00097
NuOrder_Direct,SKU00098
NuOrder_Direct,SKU00099
NuOrder_Direct,SKU00102
NuOrder_Direct,SKU00103
NuOrder_Direct,SKU00104
NuOrder_Direct,SKU00106
NuOrder_Direct,SKU00108
NuOrder_Direct,SKU00109
NuOrder_Direct,SKU00112
NuOrder_Direct,SKU00113
NuOrder_Direct,SKU00115
NuOrder_Direct,SKU00117
NuOrder_Direct,SKU00120
NuOrder_Direct,SKU00122
NuOrder_Direct,SKU00123
NuOrder_Direct,SKU00124
NuOrder_Direct,SKU00125
NuOrder_Direct,SKU00127
NuOrder_Direct,SKU00128
NuOrder_Direct,SKU00129
NuOrder_Direct,SKU00130
NuOrder_Direct,SKU00131
NuOrder_Direct,SKU00135
NuOrder_Direct,SKU00136
NuOrder_Direct,SKU00137
NuOrder_Direct,SKU00138
NuOrder_Direct,SKU00139
NuOrder_Direct,SKU00140
NuOrder_Direct,SKU00141
NuOrder_Direct,SKU00143
NuOrder_Direct,SKU00144
NuOrder_Direct,SKU00145
NuOrder_Direct,SKU00146
NuOrder_Direct,SKU00148
NuOrder_Direct,SKU00149
NuOrder_Direct,SKU00150
NuOrder_Direct,SKU00151
NuOrder_Direct,SKU00152
NuOrder_Direct,SKU00156
NuOrder_Direct,SKU00158
NuOrder_Direct,SKU00159
NuOrder_Direct,SKU00161
NuOrder_Direct,SKU00162
NuOrder_Direct,SKU00164
NuOrder_Direct,SKU00165
NuOrder_Direct,SKU00166
NuOrder_Direct,SKU00170
NuOrder_Direct,SKU00171
NuOrder_Direct,SKU00172
NuOrder_Direct,SKU00173
NuOrder_Direct,SKU00174
NuOrder_Direct,SKU00175
NuOrder_Direct,SKU00176
NuOrder_Direct,SKU00178
NuOrder_Direct,SKU00179
NuOrder_Direct,SKU00180
NuOrder_Direct,SKU00185
NuOrder_Direct,SKU00186
NuOrder_Direct,SKU00187
NuOrder_Direct,SKU00188
NuOrder_Direct,SKU00189
NuOrder_Direct,SKU00190
NuOrder_Direct,SKU00196
NuOrder_Direct,SKU00197
NuOrder_Direct,SKU00200
NuOrder_Direct,SKU00202
NuOrder_Direct,SKU00203
NuOrder_Direct,SKU00205
NuOrder_Direct,SKU00206
NuOrder_Direct,SKU00207
NuOrder_Direct,SKU00209
NuOrder_Direct,SKU00211
NuOrder_Direct,SKU00212
NuOrder_Direct,SKU00214
NuOrder_Direct,SKU00216
NuOrder_Direct,SKU00218
NuOrder_Direct,SKU00219
NuOrder_Direct,SKU00220
NuOrder_Direct,SKU00221
NuOrder_Direct,SKU00223
NuOrder_Direct,SKU00224
NuOrder_Direct,SKU00225
NuOrder_Direct,SKU00226
NuOrder_Direct,SKU00228
NuOrder_Direct,SKU00232
NuOrder_Direct,SKU00236
NuOrder_Direct,SKU00240
NuOrder_Direct,SKU00241
NuOrder_Direct,SKU00243
NuOrder_Direct,SKU00245
NuOrder_Direct,SKU00246
NuOrder_Direct,SKU00247
NuOrder_Direct,SKU00248
NuOrder_Direct,SKU00252
NuOrder_Direct,SKU00255
NuOrder_Direct,SKU00256
NuOrder_Direct,SKU00260
NuOrder_Direct,SKU00262
NuOrder_Direct,SKU00263
NuOrder_Direct,SKU00264
NuOrder_Direct,SKU00265
NuOrder_Direct,SKU00266
NuOrder_Direct,SKU00267
NuOrder_Direct,SKU00270
NuOrder_Direct,SKU00272
NuOrder_Direct,SKU00273
NuOrder_Direct,SKU00275
NuOrder_Direct,SKU00276
NuOrder_Direct,SKU00277
NuOrder_Direct,SKU00278
NuOrder_Direct,SKU00280
NuOrder_Direct,SKU00281
NuOrder_Direct,SKU00282
NuOrder_Direct,SKU00284
NuOrder_Direct,SKU00286
NuOrder_Direct,SKU00287
NuOrder_Direct,SKU00288
NuOrder_Direct,SKU00289
NuOrder_Direct,SKU00290
NuOrder_Direct,SKU00291
NuOrder_Direct,SKU00293
NuOrder_Direct,SKU00295
NuOrder_Direct,SKU00296
NuOrder_Direct,SKU00297
NuOrder_Direct,SKU00299
NuOrder_Direct,SKU00300
NuOrder_Direct,SKU00301
NuOrder_Direct,SKU00302
NuOrder_Direct,SKU00303
NuOrder_Direct,SKU00304
NuOrder_Direct,SKU00305
NuOrder_Direct,SKU00306
NuOrder_Direct,SKU00308
NuOrder_Direct,SKU00309
NuOrder_Direct,SKU00310
NuOrder_Direct,SKU00312
NuOrder_Direct,SKU00313
NuOrder_Direct,SKU00314
NuOrder_Direct,SKU00315
NuOrder_Direct,SKU00316
NuOrder_Direct,SKU00320
NuOrder_Direct,SKU00321
NuOrder_Direct,SKU00322
NuOrder_Direct,SKU00323
NuOrder_Direct,SKU00324
NuOrder_Direct,SKU00326
NuOrder_Direct,SKU00327
NuOrder_Direct,SKU00328
NuOrder_Direct,SKU00329
NuOrder_Direct,SKU00330
NuOrder_Direct,SKU00332
NuOrder_Direct,SKU00336
NuOrder_Direct,SKU00337
NuOrder_Direct,SKU00338
NuOrder_Direct,SKU00340
NuOrder_Direct,SKU00342
NuOrder_Direct,SKU00343
NuOrder_Direct,SKU00344
NuOrder_Direct,SKU00345
NuOrder_Direct,SKU00346
NuOrder_Direct,SKU00352
NuOrder_Direct,SKU00354
NuOrder_Direct,SKU00355
NuOrder_Direct,SKU00357
NuOrder_Direct,SKU00358
NuOrder_Direct,SKU00359
NuOrder_Direct,SKU00360
NuOrder_Direct,SKU00362
NuOrder_Direct,SKU00363
NuOrder_Direct,SKU00364
NuOrder_Direct,SKU00365
NuOrder_Direct,SKU00367
NuOrder_Direct,SKU00368
NuOrder_Direct,SKU00373
NuOrder_Direct,SKU00374
NuOrder_Direct,SKU00375
NuOrder_Direct,SKU00377
NuOrder_Direct,SKU00378
NuOrder_Direct,SKU00379
NuOrder_Direct,SKU00380
NuOrder_Direct,SKU00381
NuOrder_Direct,SKU00383
NuOrder_Direct,SKU00386
NuOrder_Direct,SKU00387
NuOrder_Direct,SKU00388
NuOrder_Direct,SKU00389
NuOrder_Direct,SKU00391
NuOrder_Direct,SKU00392
NuOrder_Direct,SKU00393
NuOrder_Direct,SKU00398
NuOrder_Direct,SKU00400
NuOrder_Direct,SKU00403
NuOrder_Direct,SKU00406
NuOrder_Direct,SKU00408
NuOrder_Direct,SKU00409
NuOrder_Direct,SKU00410
NuOrder_Direct,SKU00411
NuOrder_Direct,SKU00415
NuOrder_Direct,SKU00417
NuOrder_Direct,SKU00419
NuOrder_Direct,SKU00420
NuOrder_Direct,SKU00422
NuOrder_Direct,SKU00423
NuOrder_Direct,SKU00424
NuOrder_Direct,SKU00425
NuOrder_Direct,SKU00426
NuOrder_Direct,SKU00427
NuOrder_Direct,SKU00428
NuOrder_Direct,SKU00429
NuOrder_Direct,SKU00431
NuOrder_Direct,SKU00434
NuOrder_Direct,SKU00438
NuOrder_Direct,SKU00439
NuOrder_Direct,SKU00443
NuOrder_Direct,SKU00446
NuOrder_Direct,SKU00447
NuOrder_Direct,SKU00448
NuOrder_Direct,SKU00452
NuOrder_Direct,SKU00453
NuOrder_Direct,SKU00454
NuOrder_Direct,SKU00455
NuOrder_Direct,SKU00460
NuOrder_Direct,SKU00461
NuOrder_Direct,SKU00464
NuOrder_Direct,SKU00465
NuOrder_Direct,SKU00466
NuOrder_Direct,SKU00468
NuOrder_Direct,SKU00469
NuOrder_Direct,SKU00470
NuOrder_Direct,SKU00471
NuOrder_Direct,SKU00473
NuOrder_Direct,SKU00477
NuOrder_Direct,SKU00479
NuOrder_Direct,SKU00482
NuOrder_Direct,SKU00483
NuOrder_Direct,SKU00484
NuOrder_Direct,SKU00485
NuOrder_Direct,SKU00486
NuOrder_Direct,SKU00487
NuOrder_Direct,SKU00488
NuOrder_Direct,SKU00489
NuOrder_Direct,SKU00490
NuOrder_Direct,SKU00491
NuOrder_Direct,SKU00492
NuOrder_Direct,SKU00493
NuOrder_Direct,SKU00494
NuOrder_Direct,SKU00495
NuOrder_Direct,SKU00497
NuOrder_Direct,SKU00498
NuOrder_Direct,SKU00499
NuOrder_Direct,SKU00504
NuOrder_Direct,SKU00505
NuOrder_Direct,SKU00506
NuOrder_Direct,SKU00510
NuOrder_Direct,SKU00512
NuOrder_Direct,SKU00513
NuOrder_Direct,SKU00514
NuOrder_Direct,SKU00515
NuOrder_Direct,SKU00516
NuOrder_Direct,SKU00518
NuOrder_Direct,SKU00519
NuOrder_Direct,SKU00520
NuOrder_Direct,SKU00521
NuOrder_Direct,SKU00527
NuOrder_Direct,SKU00529
NuOrder_Direct,SKU00530
NuOrder_Direct,SKU00531
NuOrder_Direct,SKU00534
NuOrder_Direct,SKU00537
NuOrder_Direct,SKU00538
NuOrder_Direct,SKU00540
NuOrder_Direct,SKU00542
NuOrder_Direct,SKU00543
NuOrder_Direct,SKU00550
NuOrder_Direct,SKU00551
NuOrder_Direct,SKU00552
NuOrder_Direct,SKU00554
NuOrder_Direct,SKU00555
NuOrder_Direct,SKU00556
NuOrder_Direct,SKU00559
NuOrder_Direct,SKU00561
NuOrder_Direct,SKU00562
NuOrder_Direct,SKU00564
NuOrder_Direct,SKU00566
NuOrder_Direct,SKU00567
NuOrder_Direct,SKU00569
NuOrder_Direct,SKU00572
NuOrder_Direct,SKU00573
NuOrder_Direct,SKU00574
NuOrder_Direct,SKU00575
NuOrder_Direct,SKU00576
NuOrder_Direct,SKU00577
NuOrder_Direct,SKU00578
NuOrder_Direct,SKU00579
NuOrder_Direct,SKU00583
NuOrder_Direct,SKU00585
NuOrder_Direct,SKU00588
NuOrder_Direct,SKU00593
NuOrder_Direct,SKU00594
NuOrder_Direct,SKU00595
NuOrder_Direct,SKU00597
NuOrder_Direct,SKU00599
NuOrder_Direct,SKU00600
Macy's,SKU00001
Macy's,SKU00003
Macy's,SKU00004
Macy's,SKU00005
Macy's,SKU00006
Macy's,SKU00007
Macy's,SKU00009
Macy's,SKU00010
Macy's,SKU00013
Macy's,SKU00014
Macy's,SKU00018
Macy's,SKU00019
Macy's,SKU00021
Macy's,SKU00022
Macy's,SKU00024
Macy's,SKU00025
Macy's,SKU00026
Macy's,SKU00027
Macy's,SKU00028
Macy's,SKU00030
Macy's,SKU00031
Macy's,SKU00033
Macy's,SKU00034
Macy's,SKU00037
Macy's,SKU00039
Macy's,SKU00041
Macy's,SKU00043
Macy's,SKU00044
Macy's,SKU00045
Macy's,SKU00046
Macy's,SKU00048
Macy's,SKU00049
Macy's,SKU00050
Macy's,SKU00051
Macy's,SKU00054
Macy's,SKU00057
Macy's,SKU00058
Macy's,SKU00060
Macy's,SKU00062
Macy's,SKU00063
Macy's,SKU00064
Macy's,SKU00065
Macy's,SKU00067
Macy's,SKU00068
Macy's,SKU00070
Macy's,SKU00071
Macy's,SKU00074
Macy's,SKU00075
Macy's,SKU00076
Macy's,SKU00077
Macy's,SKU00078
Macy's,SKU00079
Macy's,SKU00080
Macy's,SKU00081
Macy's,SKU00082
Macy's,SKU00083
Macy's,SKU00086
Macy's,SKU00087
Macy's,SKU00088
Macy's,SKU00089
Macy's,SKU00090
Macy's,SKU00091
Macy's,SKU00092
Macy's,SKU00094
Macy's,SKU00095
Macy's,SKU00097
Macy's,SKU00098
Macy's,SKU00099
Macy's,SKU00100
Macy's,SKU00102
Macy's,SKU00103
Macy's,SKU00104
Macy's,SKU00105
Macy's,SKU00108
Macy's,SKU00109
Macy's,SKU00110
Macy's,SKU00112
Macy's,SKU00113
Macy's,SKU00114
Macy's,SKU00115
Macy's,SKU00116
Macy's,SKU00117
Macy's,SKU00118
Macy's,SKU00119
Macy's,SKU00120
Macy's,SKU00122
Macy's,SKU00123
Macy's,SKU00124
Macy's,SKU00125
Macy's,SKU00126
Macy's,SKU00128
Macy's,SKU00130
Macy's,SKU00131
Macy's,SKU00132
Macy's,SKU00133
Macy's,SKU00139
Macy's,SKU00140
Macy's,SKU00141
Macy's,SKU00142
Macy's,SKU00144
Macy's,SKU00145
Macy's,SKU00146
Macy's,SKU00147
Macy's,SKU00148
Macy's,SKU00149
Macy's,SKU00150
Macy's,SKU00151
Macy's,SKU00152
Macy's,SKU00153
Macy's,SKU00154
Macy's,SKU00155
Macy's,SKU00156
Macy's,SKU00157
Macy's,SKU00158
Macy's,SKU00159
Macy's,SKU00160
Macy's,SKU00161
Macy's,SKU00162
Macy's,SKU00164
Macy's,SKU00166
Macy's,SKU00167
Macy's,SKU00168
Macy's,SKU00169
Macy's,SKU00170
Macy's,SKU00171
Macy's,SKU00172
Macy's,SKU00173
Macy's,SKU00174
Macy's,SKU00175
Macy's,SKU00176
Macy's,SKU00177
Macy's,SKU00181
Macy's,SKU00184
Macy's,SKU00185
Macy's,SKU00187
Macy's,SKU00188
Macy's,SKU00189
Macy's,SKU00190
Macy's,SKU00192
Macy's,SKU00193
Macy's,SKU00194
Macy's,SKU00195
Macy's,SKU00196
Macy's,SKU00197
Macy's,SKU00199
Macy's,SKU00200
Macy's,SKU00201
Macy's,SKU00202
Macy's,SKU00206
Macy's,SKU00207
Macy's,SKU00208
Macy's,SKU00209
Macy's,SKU00215
Macy's,SKU00216
Macy's,SKU00217
Macy's,SKU00218
Macy's,SKU00219
Macy's,SKU00220
Macy's,SKU00222
Macy's,SKU00225
Macy's,SKU00226
Macy's,SKU00227
Macy's,SKU00231
Macy's,SKU00232
Macy's,SKU00233
Macy's,SKU00235
Macy's,SKU00236
Macy's,SKU00237
Macy's,SKU00238
Macy's,SKU00239
Macy's,SKU00240
Macy's,SKU00241
Macy's,SKU00242
Macy's,SKU00245
Macy's,SKU00247
Macy's,SKU00248
Macy's,SKU00252
Macy's,SKU00253
Macy's,SKU00255
Macy's,SKU00256
Macy's,SKU00260
Macy's,SKU00262
Macy's,SKU00263
Macy's,SKU00264
Macy's,SKU00265
Macy's,SKU00266
Macy's,SKU00267
Macy's,SKU00268
Macy's,SKU00269
Macy's,SKU00270
Macy's,SKU00271
Macy's,SKU00272
Macy's,SKU00275
Macy's,SKU00277
Macy's,SKU00278
Macy's,SKU00280
Macy's,SKU00282
Macy's,SKU00284
Macy's,SKU00285
Macy's,SKU00286
Macy's,SKU00288
Macy's,SKU00290
Macy's,SKU00291
Macy's,SKU00292
Macy's,SKU00293
Macy's,SKU00295
Macy's,SKU00296
Macy's,SKU00297
Macy's,SKU00298
Macy's,SKU00300
Macy's,SKU00301
Macy's,SKU00304
Macy's,SKU00305
Macy's,SKU00306
Macy's,SKU00307
Macy's,SKU00309
Macy's,SKU00310
Macy's,SKU00311
Macy's,SKU00312
Macy's,SKU00313
Macy's,SKU00314
Macy's,SKU00315
Macy's,SKU00316
Macy's,SKU00317
Macy's,SKU00318
Macy's,SKU00319
Macy's,SKU00320
Macy's,SKU00321
Macy's,SKU00322
Macy's,SKU00323
Macy's,SKU00324
Macy's,SKU00328
Macy's,SKU00330
Macy's,SKU00331
Macy's,SKU00332
Macy's,SKU00334
Macy's,SKU00335
Macy's,SKU00338
Macy's,SKU00339
Macy's,SKU00340
Macy's,SKU00342
Macy's,SKU00343
Macy's,SKU00345
Macy's,SKU00346
Macy's,SKU00347
Macy's,SKU00348
Macy's,SKU00349
Macy's,SKU00350
Macy's,SKU00351
Macy's,SKU00352
Macy's,SKU00353
Macy's,SKU00356
Macy's,SKU00357
Macy's,SKU00358
Macy's,SKU00360
Macy's,SKU00362
Macy's,SKU00366
Macy's,SKU00367
Macy's,SKU00368
Macy's,SKU00369
Macy's,SKU00370
Macy's,SKU00371
Macy's,SKU00372
Macy's,SKU00373
Macy's,SKU00374
Macy's,SKU00375
Macy's,SKU00377
Macy's,SKU00378
Macy's,SKU00379
Macy's,SKU00381
Macy's,SKU00382
Macy's,SKU00383
Macy's,SKU00384
Macy's,SKU00385
Macy's,SKU00388
Macy's,SKU00389
Macy's,SKU00390
Macy's,SKU00391
Macy's,SKU00392
Macy's,SKU00393
Macy's,SKU00396
Macy's,SKU00397
Macy's,SKU00398
Macy's,SKU00399
Macy's,SKU00400
Macy's,SKU00401
Macy's,SKU00404
Macy's,SKU00405
Macy's,SKU00406
Macy's,SKU00407
Macy's,SKU00408
Macy's,SKU00409
Macy's,SKU00410
Macy's,SKU00411
Macy's,SKU00413
Macy's,SKU00414
Macy's,SKU00415
Macy's,SKU00416
Macy's,SKU00417
Macy's,SKU00420
Macy's,SKU00421
Macy's,SKU00422
Macy's,SKU00423
Macy's,SKU00425
Macy's,SKU00426
Macy's,SKU00427
Macy's,SKU00428
Macy's,SKU00430
Macy's,SKU00432
Macy's,SKU00434
Macy's,SKU00435
Macy's,SKU00437
Macy's,SKU00438
Macy's,SKU00439
Macy's,SKU00441
Macy's,SKU00443
Macy's,SKU00444
Macy's,SKU00446
Macy's,SKU00449
Macy's,SKU00450
Macy's,SKU00451
Macy's,SKU00454
Macy's,SKU00455
Macy's,SKU00456
Macy's,SKU00458
Macy's,SKU00459
Macy's,SKU00460
Macy's,SKU00462
Macy's,SKU00463
Macy's,SKU00464
Macy's,SKU00465
Macy's,SKU00468
Macy's,SKU00469
Macy's,SKU00470
Macy's,SKU00471
Macy's,SKU00473
Macy's,SKU00474
Macy's,SKU00475
Macy's,SKU00476
Macy's,SKU00477
Macy's,SKU00478
Macy's,SKU00479
Macy's,SKU00481
Macy's,SKU00482
Macy's,SKU00484
Macy's,SKU00486
Macy's,SKU00487
Macy's,SKU00488
Macy's,SKU00489
Macy's,SKU00490
Macy's,SKU00492
Macy's,SKU00493
Macy's,SKU00494
Macy's,SKU00495
Macy's,SKU00496
Macy's,SKU00497
Macy's,SKU00500
Macy's,SKU00501
Macy's,SKU00504
Macy's,SKU00506
Macy's,SKU00508
Macy's,SKU00509
Macy's,SKU00511
Macy's,SKU00512
Macy's,SKU00513
Macy's,SKU00517
Macy's,SKU00519
Macy's,SKU00520
Macy's,SKU00522
Macy's,SKU00523
Macy's,SKU00524
Macy's,SKU00525
Macy's,SKU00527
Macy's,SKU00529
Macy's,SKU00530
Macy's,SKU00531
Macy's,SKU00533
Macy's,SKU00535
Macy's,SKU00536
Macy's,SKU00537
Macy's,SKU00540
Macy's,SKU00541
Macy's,SKU00542
Macy's,SKU00544
Macy's,SKU00547
Macy's,SKU00549
Macy's,SKU00550
Macy's,SKU00551
Macy's,SKU00552
Macy's,SKU00554
Macy's,SKU00555
Macy's,SKU00556
Macy's,SKU00557
Macy's,SKU00558
Macy's,SKU00559
Macy's,SKU00560
Macy's,SKU00563
Macy's,SKU00565
Macy's,SKU00566
Macy's,SKU00567
Macy's,SKU00568
Macy's,SKU00569
Macy's,SKU00571
Macy's,SKU00573
Macy's,SKU00575
Macy's,SKU00576
Macy's,SKU00577
Macy's,SKU00578
Macy's,SKU00579
Macy's,SKU00581
Macy's,SKU00583
Macy's,SKU00585
Macy's,SKU00586
Macy's,SKU00588
Macy's,SKU00589
Macy's,SKU00590
Macy's,SKU00591
Macy's,SKU00592
Macy's,SKU00594
Macy's,SKU00595
Macy's,SKU00596
Macy's,SKU00597
Macy's,SKU00598
Macy's,SKU00600
Nordstrom,SKU00002
Nordstrom,SKU00003
Nordstrom,SKU00004
Nordstrom,SKU00005
Nordstrom,SKU00006
Nordstrom,SKU00007
Nordstrom,SKU00009
Nordstrom,SKU00011
Nordstrom,SKU00014
Nordstrom,SKU00016
Nordstrom,SKU00018
Nordstrom,SKU00021
Nordstrom,SKU00022
Nordstrom,SKU00024
Nordstrom,SKU00025
Nordstrom,SKU00026
Nordstrom,SKU00027
Nordstrom,SKU00029
Nordstrom,SKU00030
Nordstrom,SKU00033
Nordstrom,SKU00034
Nordstrom,SKU00037
Nordstrom,SKU00038
Nordstrom,SKU00039
Nordstrom,SKU00040
Nordstrom,SKU00041
Nordstrom,SKU00043
Nordstrom,SKU00045
Nordstrom,SKU00048
Nordstrom,SKU00049
Nordstrom,SKU00050
Nordstrom,SKU00053
Nordstrom,SKU00054
Nordstrom,SKU00055
Nordstrom,SKU00057
Nordstrom,SKU00058
Nordstrom,SKU00059
Nordstrom,SKU00060
Nordstrom,SKU00062
Nordstrom,SKU00064
Nordstrom,SKU00065
Nordstrom,SKU00069
Nordstrom,SKU00070
Nordstrom,SKU00072
Nordstrom,SKU00073
Nordstrom,SKU00079
Nordstrom,SKU00080
Nordstrom,SKU00082
Nordstrom,SKU00083
Nordstrom,SKU00084
Nordstrom,SKU00085
Nordstrom,SKU00087
Nordstrom,SKU00088
Nordstrom,SKU00089
Nordstrom,SKU00091
Nordstrom,SKU00092
Nordstrom,SKU00094
Nordstrom,SKU00095
Nordstrom,SKU00096
Nordstrom,SKU00097
Nordstrom,SKU00099
Nordstrom,SKU00101
Nordstrom,SKU00102
Nordstrom,SKU00104
Nordstrom,SKU00105
Nordstrom,SKU00106
Nordstrom,SKU00107
Nordstrom,SKU00109
Nordstrom,SKU00112
Nordstrom,SKU00113
Nordstrom,SKU00114
Nordstrom,SKU00116
Nordstrom,SKU00118
Nordstrom,SKU00120
Nordstrom,SKU00122
Nordstrom,SKU00123
Nordstrom,SKU00124
Nordstrom,SKU00125
Nordstrom,SKU00127
Nordstrom,SKU00128
Nordstrom,SKU00130
Nordstrom,SKU00131
Nordstrom,SKU00133
Nordstrom,SKU00135
Nordstrom,SKU00136
Nordstrom,SKU00139
Nordstrom,SKU00141
Nordstrom,SKU00142
Nordstrom,SKU00144
Nordstrom,SKU00145
Nordstrom,SKU00148
Nordstrom,SKU00149
Nordstrom,SKU00153
Nordstrom,SKU00154
Nordstrom,SKU00155
Nordstrom,SKU00160
Nordstrom,SKU00161
Nordstrom,SKU00162
Nordstrom,SKU00163
Nordstrom,SKU00164
Nordstrom,SKU00165
Nordstrom,SKU00168
Nordstrom,SKU00169
Nordstrom,SKU00170
Nordstrom,SKU00174
Nordstrom,SKU00175
Nordstrom,SKU00176
Nordstrom,SKU00180
Nordstrom,SKU00183
Nordstrom,SKU00184
Nordstrom,SKU00186
Nordstrom,SKU00193
Nordstrom,SKU00194
Nordstrom,SKU00195
Nordstrom,SKU00197
Nordstrom,SKU00198
Nordstrom,SKU00199
Nordstrom,SKU00203
Nordstrom,SKU00206
Nordstrom,SKU00208
Nordstrom,SKU00210
Nordstrom,SKU00211
Nordstrom,SKU00213
Nordstrom,SKU00214
Nordstrom,SKU00216
Nordstrom,SKU00218
Nordstrom,SKU00221
Nordstrom,SKU00227
Nordstrom,SKU00228
Nordstrom,SKU00230
Nordstrom,SKU00231
Nordstrom,SKU00232
Nordstrom,SKU00233
Nordstrom,SKU00234
Nordstrom,SKU00236
Nordstrom,SKU00237
Nordstrom,SKU00240
Nordstrom,SKU00241
Nordstrom,SKU00247
Nordstrom,SKU00249
Nordstrom,SKU00252
Nordstrom,SKU00253
Nordstrom,SKU00254
Nordstrom,SKU00255
Nordstrom,SKU00257
Nordstrom,SKU00259
Nordstrom,SKU00263
Nordstrom,SKU00265
Nordstrom,SKU00266
Nordstrom,SKU00267
Nordstrom,SKU00268
Nordstrom,SKU00270
Nordstrom,SKU00273
Nordstrom,SKU00275
Nordstrom,SKU00276
Nordstrom,SKU00277
Nordstrom,SKU00280
Nordstrom,SKU00281
Nordstrom,SKU00283
Nordstrom,SKU00286
Nordstrom,SKU00288
Nordstrom,SKU00291
Nordstrom,SKU00292
Nordstrom,SKU00295
Nordstrom,SKU00297
Nordstrom,SKU00298
Nordstrom,SKU00300
Nordstrom,SKU00302
Nordstrom,SKU00304
Nordstrom,SKU00305
Nordstrom,SKU00307
Nordstrom,SKU00308
Nordstrom,SKU00309
Nordstrom,SKU00310
Nordstrom,SKU00312
Nordstrom,SKU00314
Nordstrom,SKU00315
Nordstrom,SKU00316
Nordstrom,SKU00317
Nordstrom,SKU00318
Nordstrom,SKU00321
Nordstrom,SKU00322
Nordstrom,SKU00323
Nordstrom,SKU00324
Nordstrom,SKU00325
Nordstrom,SKU00326
Nordstrom,SKU00327
Nordstrom,SKU00328
Nordstrom,SKU00329
Nordstrom,SKU00330
Nordstrom,SKU00331
Nordstrom,SKU00332
Nordstrom,SKU00333
Nordstrom,SKU00334
Nordstrom,SKU00335
Nordstrom,SKU00336
Nordstrom,SKU00337
Nordstrom,SKU00338
Nordstrom,SKU00339
Nordstrom,SKU00340
Nordstrom,SKU00342
Nordstrom,SKU00343
Nordstrom,SKU00345
Nordstrom,SKU00346
Nordstrom,SKU00349
Nordstrom,SKU00350
Nordstrom,SKU00351
Nordstrom,SKU00352
Nordstrom,SKU00354
Nordstrom,SKU00355
Nordstrom,SKU00358
Nordstrom,SKU00360
Nordstrom,SKU00362
Nordstrom,SKU00363
Nordstrom,SKU00364
Nordstrom,SKU00365
Nordstrom,SKU00366
Nordstrom,SKU00369
Nordstrom,SKU00370
Nordstrom,SKU00371
Nordstrom,SKU00376
Nordstrom,SKU00377
Nordstrom,SKU00380
Nordstrom,SKU00381
Nordstrom,SKU00383
Nordstrom,SKU00384
Nordstrom,SKU00386
Nordstrom,SKU00387
Nordstrom,SKU00391
Nordstrom,SKU00392
Nordstrom,SKU00394
Nordstrom,SKU00395
Nordstrom,SKU00397
Nordstrom,SKU00398
Nordstrom,SKU00399
Nordstrom,SKU00400
Nordstrom,SKU00401
Nordstrom,SKU00402
Nordstrom,SKU00405
Nordstrom,SKU00406
Nordstrom,SKU00407
Nordstrom,SKU00408
Nordstrom,SKU00412
Nordstrom,SKU00413
Nordstrom,SKU00414
Nordstrom,SKU00415
Nordstrom,SKU00418
Nordstrom,SKU00420
Nordstrom,SKU00421
Nordstrom,SKU00423
Nordstrom,SKU00424
Nordstrom,SKU00427
Nordstrom,SKU00428
Nordstrom,SKU00432
Nordstrom,SKU00434
Nordstrom,SKU00436
Nordstrom,SKU00438
Nordstrom,SKU00439
Nordstrom,SKU00440
Nordstrom,SKU00441
Nordstrom,SKU00445
Nordstrom,SKU00448
Nordstrom,SKU00449
Nordstrom,SKU00453
Nordstrom,SKU00454
Nordstrom,SKU00455
Nordstrom,SKU00458
Nordstrom,SKU00460
Nordstrom,SKU00462
Nordstrom,SKU00463
Nordstrom,SKU00464
Nordstrom,SKU00465
Nordstrom,SKU00466
Nordstrom,SKU00470
Nordstrom,SKU00471
Nordstrom,SKU00472
Nordstrom,SKU00474
Nordstrom,SKU00477
Nordstrom,SKU00478
Nordstrom,SKU00479
Nordstrom,SKU00480
Nordstrom,SKU00483
Nordstrom,SKU00487
Nordstrom,SKU00488
Nordstrom,SKU00489
Nordstrom,SKU00491
Nordstrom,SKU00492
Nordstrom,SKU00496
Nordstrom,SKU00497
Nordstrom,SKU00499
Nordstrom,SKU00500
Nordstrom,SKU00501
Nordstrom,SKU00502
Nordstrom,SKU00503
Nordstrom,SKU00507
Nordstrom,SKU00508
Nordstrom,SKU00509
Nordstrom,SKU00511
Nordstrom,SKU00514
Nordstrom,SKU00515
Nordstrom,SKU00518
Nordstrom,SKU00519
Nordstrom,SKU00521
Nordstrom,SKU00522
Nordstrom,SKU00523
Nordstrom,SKU00524
Nordstrom,SKU00525
Nordstrom,SKU00526
Nordstrom,SKU00527
Nordstrom,SKU00528
Nordstrom,SKU00533
Nordstrom,SKU00534
Nordstrom,SKU00536
Nordstrom,SKU00537
Nordstrom,SKU00539
Nordstrom,SKU00540
Nordstrom,SKU00543
Nordstrom,SKU00547
Nordstrom,SKU00548
Nordstrom,SKU00552
Nordstrom,SKU00553
Nordstrom,SKU00555
Nordstrom,SKU00556
Nordstrom,SKU00557
Nordstrom,SKU00558
Nordstrom,SKU00561
Nordstrom,SKU00562
Nordstrom,SKU00564
Nordstrom,SKU00565
Nordstrom,SKU00567
Nordstrom,SKU00569
Nordstrom,SKU00571
Nordstrom,SKU00573
Nordstrom,SKU00574
Nordstrom,SKU00576
Nordstrom,SKU00577
Nordstrom,SKU00578
Nordstrom,SKU00580
Nordstrom,SKU00581
Nordstrom,SKU00583
Nordstrom,SKU00589
Nordstrom,SKU00591
Nordstrom,SKU00592
Nordstrom,SKU00594
Nordstrom,SKU00596
Nordstrom,SKU00598
Amazon,SKU00002
Amazon,SKU00003
Amazon,SKU00004
Amazon,SKU00007
Amazon,SKU00013
Amazon,SKU00014
Amazon,SKU00015
Amazon,SKU00019
Amazon,SKU00020
Amazon,SKU00021
Amazon,SKU00022
Amazon,SKU00027
Amazon,SKU00028
Amazon,SKU00029
Amazon,SKU00032
Amazon,SKU00033
Amazon,SKU00034
Amazon,SKU00035
Amazon,SKU00037
Amazon,SKU00041
Amazon,SKU00042
Amazon,SKU00044
Amazon,SKU00045
Amazon,SKU00049
Amazon,SKU00051
Amazon,SKU00052
Amazon,SKU00064
Amazon,SKU00066
Amazon,SKU00067
Amazon,SKU00068
Amazon,SKU00071
Amazon,SKU00072
Amazon,SKU00073
Amazon,SKU00075
Amazon,SKU00076
Amazon,SKU00077
Amazon,SKU00079
Amazon,SKU00081
Amazon,SKU00083
Amazon,SKU00085
Amazon,SKU00093
Amazon,SKU00095
Amazon,SKU00096
Amazon,SKU00097
Amazon,SKU00098
Amazon,SKU00100
Amazon,SKU00101
Amazon,SKU00102
Amazon,SKU00105
Amazon,SKU00106
Amazon,SKU00107
Amazon,SKU00111
Amazon,SKU00114
Amazon,SKU00115
Amazon,SKU00116
Amazon,SKU00121
Amazon,SKU00124
Amazon,SKU00126
Amazon,SKU00127
Amazon,SKU00131
Amazon,SKU00137
Amazon,SKU00139
Amazon,SKU00140
Amazon,SKU00141
Amazon,SKU00143
Amazon,SKU00145
Amazon,SKU00149
Amazon,SKU00155
Amazon,SKU00158
Amazon,SKU00160
Amazon,SKU00163
Amazon,SKU00165
Amazon,SKU00166
Amazon,SKU00167
Amazon,SKU00169
Amazon,SKU00172
Amazon,SKU00176
Amazon,SKU00177
Amazon,SKU00178
Amazon,SKU00179
Amazon,SKU00180
Amazon,SKU00181
Amazon,SKU00182
Amazon,SKU00183
Amazon,SKU00184
Amazon,SKU00185
Amazon,SKU00187
Amazon,SKU00189
Amazon,SKU00191
Amazon,SKU00194
Amazon,SKU00197
Amazon,SKU00201
Amazon,SKU00206
Amazon,SKU00208
Amazon,SKU00209
Amazon,SKU00212
Amazon,SKU00214
Amazon,SKU00215
Amazon,SKU00217
Amazon,SKU00218
Amazon,SKU00219
Amazon,SKU00221
Amazon,SKU00222
Amazon,SKU00225
Amazon,SKU00227
Amazon,SKU00229
Amazon,SKU00230
Amazon,SKU00231
Amazon,SKU00232
Amazon,SKU00234
Amazon,SKU00235
Amazon,SKU00238
Amazon,SKU00239
Amazon,SKU00240
Amazon,SKU00241
Amazon,SKU00242
Amazon,SKU00245
Amazon,SKU00246
Amazon,SKU00247
Amazon,SKU00248
Amazon,SKU00249
Amazon,SKU00256
Amazon,SKU00259
Amazon,SKU00261
Amazon,SKU00276
Amazon,SKU00277
Amazon,SKU00278
Amazon,SKU00279
Amazon,SKU00280
Amazon,SKU00282
Amazon,SKU00283
Amazon,SKU00289
Amazon,SKU00292
Amazon,SKU00293
Amazon,SKU00295
Amazon,SKU00297
Amazon,SKU00300
Amazon,SKU00301
Amazon,SKU00307
Amazon,SKU00308
Amazon,SKU00309
Amazon,SKU00311
Amazon,SKU00312
Amazon,SKU00315
Amazon,SKU00316
Amazon,SKU00317
Amazon,SKU00318
Amazon,SKU00320
Amazon,SKU00323
Amazon,SKU00325
Amazon,SKU00326
Amazon,SKU00327
Amazon,SKU00328
Amazon,SKU00329
Amazon,SKU00330
Amazon,SKU00334
Amazon,SKU00340
Amazon,SKU00342
Amazon,SKU00344
Amazon,SKU00345
Amazon,SKU00346
Amazon,SKU00348
Amazon,SKU00349
Amazon,SKU00352
Amazon,SKU00353
Amazon,SKU00358
Amazon,SKU00362
Amazon,SKU00365
Amazon,SKU00372
Amazon,SKU00373
Amazon,SKU00374
Amazon,SKU00381
Amazon,SKU00383
Amazon,SKU00387
Amazon,SKU00388
Amazon,SKU00391
Amazon,SKU00393
Amazon,SKU00400
Amazon,SKU00401
Amazon,SKU00402
Amazon,SKU00404
Amazon,SKU00405
Amazon,SKU00406
Amazon,SKU00407
Amazon,SKU00408
Amazon,SKU00413
Amazon,SKU00415
Amazon,SKU00416
Amazon,SKU00418
Amazon,SKU00420
Amazon,SKU00423
Amazon,SKU00425
Amazon,SKU00427
Amazon,SKU00430
Amazon,SKU00435
Amazon,SKU00437
Amazon,SKU00438
Amazon,SKU00441
Amazon,SKU00442
Amazon,SKU00444
Amazon,SKU00445
Amazon,SKU00446
Amazon,SKU00449
Amazon,SKU00451
Amazon,SKU00460
Amazon,SKU00461
Amazon,SKU00464
Amazon,SKU00465
Amazon,SKU00475
Amazon,SKU00476
Amazon,SKU00478
Amazon,SKU00479
Amazon,SKU00482
Amazon,SKU00483
Amazon,SKU00484
Amazon,SKU00486
Amazon,SKU00487
Amazon,SKU00488
Amazon,SKU00490
Amazon,SKU00491
Amazon,SKU00497
Amazon,SKU00499
Amazon,SKU00501
Amazon,SKU00502
Amazon,SKU00504
Amazon,SKU00506
Amazon,SKU00507
Amazon,SKU00511
Amazon,SKU00521
Amazon,SKU00522
Amazon,SKU00524
Amazon,SKU00525
Amazon,SKU00526
Amazon,SKU00527
Amazon,SKU00531
Amazon,SKU00536
Amazon,SKU00541
Amazon,SKU00544
Amazon,SKU00546
Amazon,SKU00547
Amazon,SKU00548
Amazon,SKU00549
Amazon,SKU00551
Amazon,SKU00552
Amazon,SKU00556
Amazon,SKU00558
Amazon,SKU00560
Amazon,SKU00562
Amazon,SKU00566
Amazon,SKU00570
Amazon,SKU00571
Amazon,SKU00578
Amazon,SKU00579
Amazon,SKU00581
Amazon,SKU00582
Amazon,SKU00583
Amazon,SKU00584
Amazon,SKU00588
Amazon,SKU00590
Amazon,SKU00593
Amazon,SKU00596
Amazon,SKU00599
Zappos,SKU00003
Zappos,SKU00004
Zappos,SKU00006
Zappos,SKU00012
Zappos,SKU00013
Zappos,SKU00019
Zappos,SKU00020
Zappos,SKU00021
Zappos,SKU00028
Zappos,SKU00031
Zappos,SKU00034
Zappos,SKU00037
Zappos,SKU00039
Zappos,SKU00041
Zappos,SKU00044
Zappos,SKU00050
Zappos,SKU00051
Zappos,SKU00058
Zappos,SKU00059
Zappos,SKU00063
Zappos,SKU00066
Zappos,SKU00072
Zappos,SKU00073
Zappos,SKU00076
Zappos,SKU00080
Zappos,SKU00082
Zappos,SKU00086
Zappos,SKU00087
Zappos,SKU00093
Zappos,SKU00094
Zappos,SKU00095
Zappos,SKU00096
Zappos,SKU00100
Zappos,SKU00101
Zappos,SKU00102
Zappos,SKU00103
Zappos,SKU00106
Zappos,SKU00107
Zappos,SKU00108
Zappos,SKU00109
Zappos,SKU00111
Zappos,SKU00117
Zappos,SKU00120
Zappos,SKU00124
Zappos,SKU00125
Zappos,SKU00127
Zappos,SKU00130
Zappos,SKU00133
Zappos,SKU00144
Zappos,SKU00147
Zappos,SKU00149
Zappos,SKU00150
Zappos,SKU00153
Zappos,SKU00156
Zappos,SKU00162
Zappos,SKU00163
Zappos,SKU00166
Zappos,SKU00169
Zappos,SKU00170
Zappos,SKU00171
Zappos,SKU00173
Zappos,SKU00177
Zappos,SKU00184
Zappos,SKU00185
Zappos,SKU00186
Zappos,SKU00188
Zappos,SKU00189
Zappos,SKU00191
Zappos,SKU00192
Zappos,SKU00193
Zappos,SKU00203
Zappos,SKU00204
Zappos,SKU00205
Zappos,SKU00209
Zappos,SKU00218
Zappos,SKU00219
Zappos,SKU00221
Zappos,SKU00223
Zappos,SKU00226
Zappos,SKU00230
Zappos,SKU00232
Zappos,SKU00238
Zappos,SKU00240
Zappos,SKU00248
Zappos,SKU00254
Zappos,SKU00257
Zappos,SKU00258
Zappos,SKU00260
Zappos,SKU00261
Zappos,SKU00262
Zappos,SKU00263
Zappos,SKU00266
Zappos,SKU00267
Zappos,SKU00268
Zappos,SKU00270
Zappos,SKU00273
Zappos,SKU00274
Zappos,SKU00275
Zappos,SKU00278
Zappos,SKU00280
Zappos,SKU00289
Zappos,SKU00290
Zappos,SKU00300
Zappos,SKU00304
Zappos,SKU00305
Zappos,SKU00312
Zappos,SKU00315
Zappos,SKU00321
Zappos,SKU00326
Zappos,SKU00327
Zappos,SKU00329
Zappos,SKU00333
Zappos,SKU00336
Zappos,SKU00337
Zappos,SKU00338
Zappos,SKU00340
Zappos,SKU00344
Zappos,SKU00346
Zappos,SKU00351
Zappos,SKU00354
Zappos,SKU00363
Zappos,SKU00364
Zappos,SKU00368
Zappos,SKU00369
Zappos,SKU00372
Zappos,SKU00377
Zappos,SKU00380
Zappos,SKU00385
Zappos,SKU00387
Zappos,SKU00393
Zappos,SKU00399
Zappos,SKU00401
Zappos,SKU00403
Zappos,SKU00404
Zappos,SKU00405
Zappos,SKU00408
Zappos,SKU00409
Zappos,SKU00411
Zappos,SKU00413
Zappos,SKU00415
Zappos,SKU00419
Zappos,SKU00422
Zappos,SKU00423
Zappos,SKU00425
Zappos,SKU00431
Zappos,SKU00433
Zappos,SKU00436
Zappos,SKU00438
Zappos,SKU00442
Zappos,SKU00445
Zappos,SKU00447
Zappos,SKU00454
Zappos,SKU00455
Zappos,SKU00459
Zappos,SKU00461
Zappos,SKU00464
Zappos,SKU00465
Zappos,SKU00467
Zappos,SKU00469
Zappos,SKU00473
Zappos,SKU00474
Zappos,SKU00477
Zappos,SKU00478
Zappos,SKU00481
Zappos,SKU00482
Zappos,SKU00487
Zappos,SKU00488
Zappos,SKU00489
Zappos,SKU00492
Zappos,SKU00494
Zappos,SKU00497
Zappos,SKU00498
Zappos,SKU00504
Zappos,SKU00505
Zappos,SKU00507
Zappos,SKU00509
Zappos,SKU00510
Zappos,SKU00511
Zappos,SKU00513
Zappos,SKU00518
Zappos,SKU00520
Zappos,SKU00522
Zappos,SKU00528
Zappos,SKU00530
Zappos,SKU00537
Zappos,SKU00542
Zappos,SKU00543
Zappos,SKU00545
Zappos,SKU00546
Zappos,SKU00550
Zappos,SKU00552
Zappos,SKU00554
Zappos,SKU00560
Zappos,SKU00562
Zappos,SKU00565
Zappos,SKU00568
Zappos,SKU00573
Zappos,SKU00575
Zappos,SKU00576
Zappos,SKU00580
Zappos,SKU00581
Zappos,SKU00582
Zappos,SKU00584
Zappos,SKU00589
Zappos,SKU00590
Zappos,SKU00592
Zappos,SKU00596
Zappos,SKU00598
